POPID,NMFS_POPID,INCLUDE,ESAPOPNAME,QUERY
1,56,TRUE,"Salmon, Chinook (Snake River fall-run ESU) Snake River Lower Mainstem - fall","{""ext_datasource"": ""SPS"", ""NMFS_POPID"": 56}"
1,56,TRUE,"Salmon, Chinook (Snake River fall-run ESU) Snake River Lower Mainstem - fall","{""ext_datasource"": ""CAX"", ""POPID"":1, ""SPAWNINGYEAR"": {""$gte"": 2015}}"
2,68,TRUE,"Salmon, Chinook (Snake River spring/summer-run ESU) Lapwai/Big Canyon Creeks - unknown","{""ext_datasource"": ""SPS"", ""NMFS_POPID"": 68}"
2,68,TRUE,"Salmon, Chinook (Snake River spring/summer-run ESU) Lapwai/Big Canyon Creeks - unknown","{""ext_datasource"": ""CAX"", ""POPID"":2, ""SPAWNINGYEAR"": {""$gte"": 2015}}"
3,69,TRUE,"Salmon, Chinook (Snake River spring/summer-run ESU) Lawyer Creek - unknown","{""ext_datasource"": ""SPS"", ""NMFS_POPID"": 69}"
3,69,TRUE,"Salmon, Chinook (Snake River spring/summer-run ESU) Lawyer Creek - unknown","{""ext_datasource"": ""CAX"", ""POPID"":3, ""SPAWNINGYEAR"": {""$gte"": 2015}}"
4,87,TRUE,"Salmon, Chinook (Snake River spring/summer-run ESU) Potlatch River - unknown","{""ext_datasource"": ""SPS"", ""NMFS_POPID"": 87}"
4,87,TRUE,"Salmon, Chinook (Snake River spring/summer-run ESU) Potlatch River - unknown","{""ext_datasource"": ""CAX"", ""POPID"":4, ""SPAWNINGYEAR"": {""$gte"": 2015}}"
5,96,TRUE,"Salmon, Chinook (Snake River spring/summer-run ESU) South Fork Clearwater River Upper Mainstem - unknown","{""ext_datasource"": ""SPS"", ""NMFS_POPID"": 96}"
5,96,TRUE,"Salmon, Chinook (Snake River spring/summer-run ESU) South Fork Clearwater River Upper Mainstem - unknown","{""ext_datasource"": ""CAX"", ""POPID"":5, ""SPAWNINGYEAR"": {""$gte"": 2015}}"
6,60,TRUE,"Salmon, Chinook (Snake River spring/summer-run ESU) Big Sheep Creek - spring","{""ext_datasource"": ""SPS"", ""NMFS_POPID"": 60}"
6,60,TRUE,"Salmon, Chinook (Snake River spring/summer-run ESU) Big Sheep Creek - spring","{""ext_datasource"": ""CAX"", ""POPID"":6, ""SPAWNINGYEAR"": {""$gte"": 2015}}"
7,62,TRUE,"Salmon, Chinook (Snake River spring/summer-run ESU) Catherine Creek - spring","{""ext_datasource"": ""SPS"", ""NMFS_POPID"": 62}"
7,62,TRUE,"Salmon, Chinook (Snake River spring/summer-run ESU) Catherine Creek - spring","{""ext_datasource"": ""CAX"", ""POPID"":7, ""SPAWNINGYEAR"": {""$gte"": 2014}}"
8,66,TRUE,"Salmon, Chinook (Snake River spring/summer-run ESU) Grande Ronde River Upper Mainstem - spring","{""ext_datasource"": ""SPS"", ""NMFS_POPID"": 66}"
8,66,TRUE,"Salmon, Chinook (Snake River spring/summer-run ESU) Grande Ronde River Upper Mainstem - spring","{""ext_datasource"": ""CAX"", ""POPID"":8, ""SPAWNINGYEAR"": {""$gte"": 2014}}"
9,67,TRUE,"Salmon, Chinook (Snake River spring/summer-run ESU) Imnaha River Mainstem - spring/summer","{""ext_datasource"": ""SPS"", ""NMFS_POPID"": 67}"
9,67,TRUE,"Salmon, Chinook (Snake River spring/summer-run ESU) Imnaha River Mainstem - spring/summer","{""ext_datasource"": ""CAX"", ""POPID"":9, ""SPAWNINGYEAR"": {""$gte"": 2014}}"
10,74,TRUE,"Salmon, Chinook (Snake River spring/summer-run ESU) Lookingglass Creek - unknown","{""ext_datasource"": ""SPS"", ""NMFS_POPID"": 74}"
10,74,TRUE,"Salmon, Chinook (Snake River spring/summer-run ESU) Lookingglass Creek - unknown","{""ext_datasource"": ""CAX"", ""POPID"":10, ""SPAWNINGYEAR"": {""$gte"": 2015}}"
11,76,TRUE,"Salmon, Chinook (Snake River spring/summer-run ESU) Wallowa/Lostine Rivers - spring","{""ext_datasource"": ""CAX"", ""POPID"":11, ""POPFIT"": ""Same""}"
12,82,TRUE,"Salmon, Chinook (Snake River spring/summer-run ESU) Minam River - spring","{""ext_datasource"": ""SPS"", ""NMFS_POPID"": 82}"
12,82,TRUE,"Salmon, Chinook (Snake River spring/summer-run ESU) Minam River - spring","{""ext_datasource"": ""CAX"", ""POPID"":12, ""SPAWNINGYEAR"": {""$gte"": 2014}}"
13,98,TRUE,"Salmon, Chinook (Snake River spring/summer-run ESU) Wenaha River - spring","{""ext_datasource"": ""SPS"", ""NMFS_POPID"": 98}"
13,98,TRUE,"Salmon, Chinook (Snake River spring/summer-run ESU) Wenaha River - spring","{""ext_datasource"": ""CAX"", ""POPID"":13, ""SPAWNINGYEAR"": {""$gte"": 2014}}"
14,57,TRUE,"Salmon, Chinook (Snake River spring/summer-run ESU) Asotin Creek - spring","{""ext_datasource"": ""CAX"", ""POPID"":14}"
15,93,TRUE,"Salmon, Chinook (Snake River spring/summer-run ESU) Tucannon River - spring","{""ext_datasource"": ""SPS"", ""NMFS_POPID"": 93, ""BROOD_YEAR"": {""$lte"": 2011}}"
15,93,TRUE,"Salmon, Chinook (Snake River spring/summer-run ESU) Tucannon River - spring","{""ext_datasource"": ""CAX"", ""POPID"":15, ""SPAWNINGYEAR"": {""$gte"": 2012}}"
16,58,TRUE,"Salmon, Chinook (Snake River spring/summer-run ESU) Bear Valley Creek - spring","{""ext_datasource"": ""SPS"", ""NMFS_POPID"": 58}"
16,58,TRUE,"Salmon, Chinook (Snake River spring/summer-run ESU) Bear Valley Creek - spring","{""ext_datasource"": ""CAX"", ""POPID"":16, ""SPAWNINGYEAR"": {""$gte"": 2015}}"
17,59,TRUE,"Salmon, Chinook (Snake River spring/summer-run ESU) Big Creek - spring/summer","{""ext_datasource"": ""SPS"", ""NMFS_POPID"": 59}"
17,59,TRUE,"Salmon, Chinook (Snake River spring/summer-run ESU) Big Creek - spring/summer","{""ext_datasource"": ""CAX"", ""POPID"":17, ""SPAWNINGYEAR"": {""$gte"": 2015}}"
18,61,TRUE,"Salmon, Chinook (Snake River spring/summer-run ESU) Camas Creek - spring/summer","{""ext_datasource"": ""SPS"", ""NMFS_POPID"": 61}"
18,61,TRUE,"Salmon, Chinook (Snake River spring/summer-run ESU) Camas Creek - spring/summer","{""ext_datasource"": ""CAX"", ""POPID"":18, ""SPAWNINGYEAR"": {""$gte"": 2015}}"
19,63,TRUE,"Salmon, Chinook (Snake River spring/summer-run ESU) Chamberlain Creek - spring","{""ext_datasource"": ""SPS"", ""NMFS_POPID"": 63}"
19,63,TRUE,"Salmon, Chinook (Snake River spring/summer-run ESU) Chamberlain Creek - spring","{""ext_datasource"": ""CAX"", ""POPID"":19, ""SPAWNINGYEAR"": {""$gte"": 2015}}"
20,75,TRUE,"Salmon, Chinook (Snake River spring/summer-run ESU) Loon Creek - spring/summer","{""ext_datasource"": ""SPS"", ""NMFS_POPID"": 75}"
20,75,TRUE,"Salmon, Chinook (Snake River spring/summer-run ESU) Loon Creek - spring/summer","{""ext_datasource"": ""CAX"", ""POPID"":20, ""SPAWNINGYEAR"": {""$gte"": 2015}}"
21,78,TRUE,"Salmon, Chinook (Snake River spring/summer-run ESU) Marsh Creek - spring","{""ext_datasource"": ""SPS"", ""NMFS_POPID"": 78}"
21,78,TRUE,"Salmon, Chinook (Snake River spring/summer-run ESU) Marsh Creek - spring","{""ext_datasource"": ""CAX"", ""POPID"":21, ""SPAWNINGYEAR"": {""$gte"": 2015}}"
22,81,TRUE,"Salmon, Chinook (Snake River spring/summer-run ESU) Middle Fork Salmon River Lower Mainstem - spring/summer","{""ext_datasource"": ""SPS"", ""NMFS_POPID"": 81}"
22,81,TRUE,"Salmon, Chinook (Snake River spring/summer-run ESU) Middle Fork Salmon River Lower Mainstem - spring/summer","{""ext_datasource"": ""CAX"", ""POPID"":22, ""SPAWNINGYEAR"": {""$gte"": 2015}}"
23,80,TRUE,"Salmon, Chinook (Snake River spring/summer-run ESU) Middle Fork Salmon River Upper Mainstem - spring","{""ext_datasource"": ""SPS"", ""NMFS_POPID"": 80}"
23,80,TRUE,"Salmon, Chinook (Snake River spring/summer-run ESU) Middle Fork Salmon River Upper Mainstem - spring","{""ext_datasource"": ""CAX"", ""POPID"":23, ""SPAWNINGYEAR"": {""$gte"": 2015}}"
24,92,TRUE,"Salmon, Chinook (Snake River spring/summer-run ESU) Sulphur Creek - spring","{""ext_datasource"": ""SPS"", ""NMFS_POPID"": 92}"
24,92,TRUE,"Salmon, Chinook (Snake River spring/summer-run ESU) Sulphur Creek - spring","{""ext_datasource"": ""CAX"", ""POPID"":24, ""SPAWNINGYEAR"": {""$gte"": 2015}}"
25,65,TRUE,"Salmon, Chinook (Snake River spring/summer-run ESU) East Fork South Fork Salmon River - summer","{""ext_datasource"": ""SPS"", ""NMFS_POPID"": 65}"
25,65,TRUE,"Salmon, Chinook (Snake River spring/summer-run ESU) East Fork South Fork Salmon River - summer","{""ext_datasource"": ""NPT"", ""POPID"":25, ""SPAWNINGYEAR"": {""$gte"": 2015}}"
26,71,TRUE,"Salmon, Chinook (Snake River spring/summer-run ESU) Little Salmon River - spring/summer","{""ext_datasource"": ""SPS"", ""NMFS_POPID"": 71}"
26,71,TRUE,"Salmon, Chinook (Snake River spring/summer-run ESU) Little Salmon River - spring/summer","{""ext_datasource"": ""CAX"", ""POPID"":26, ""SPAWNINGYEAR"": {""$gte"": 2015}}"
27,90,TRUE,"Salmon, Chinook (Snake River spring/summer-run ESU) Secesh River - summer","{""ext_datasource"": ""SPS"", ""NMFS_POPID"": 90}"
27,90,TRUE,"Salmon, Chinook (Snake River spring/summer-run ESU) Secesh River - summer","{""ext_datasource"": ""NPT"", ""POPID"":27, ""SPAWNINGYEAR"": {""$gte"": 2015}}"
28,91,TRUE,"Salmon, Chinook (Snake River spring/summer-run ESU) South Fork Salmon River - summer","{""ext_datasource"": ""SPS"", ""NMFS_POPID"": 91}"
28,91,TRUE,"Salmon, Chinook (Snake River spring/summer-run ESU) South Fork Salmon River - summer","{""ext_datasource"": ""CAX"", ""POPID"":28, ""SPAWNINGYEAR"": {""$gte"": 2015}}"
29,64,TRUE,"Salmon, Chinook (Snake River spring/summer-run ESU) East Fork Salmon River - spring/summer","{""ext_datasource"": ""SPS"", ""NMFS_POPID"": 64}"
29,64,TRUE,"Salmon, Chinook (Snake River spring/summer-run ESU) East Fork Salmon River - spring/summer","{""ext_datasource"": ""CAX"", ""POPID"":29, ""SPAWNINGYEAR"": {""$gte"": 2015}}"
30,70,TRUE,"Salmon, Chinook (Snake River spring/summer-run ESU) Lemhi River - spring","{""ext_datasource"": ""SPS"", ""NMFS_POPID"": 70}"
30,70,TRUE,"Salmon, Chinook (Snake River spring/summer-run ESU) Lemhi River - spring","{""ext_datasource"": ""CAX"", ""POPID"":30, ""SPAWNINGYEAR"": {""$gte"": 2015}}"
31,84,TRUE,"Salmon, Chinook (Snake River spring/summer-run ESU) North Fork Salmon River - spring","{""ext_datasource"": ""CAX"", ""POPID"":31}"
32,85,TRUE,"Salmon, Chinook (Snake River spring/summer-run ESU) Pahsimeroi River - summer","{""ext_datasource"": ""SPS"", ""NMFS_POPID"": 85}"
32,85,TRUE,"Salmon, Chinook (Snake River spring/summer-run ESU) Pahsimeroi River - summer","{""ext_datasource"": ""CAX"", ""POPID"":32, ""SPAWNINGYEAR"": {""$gte"": 2015}}"
33,86,TRUE,"Salmon, Chinook (Snake River spring/summer-run ESU) Panther Creek - unknown","{""ext_datasource"": ""CAX"", ""POPID"":33}"
34,88,TRUE,"Salmon, Chinook (Snake River spring/summer-run ESU) Salmon River Lower Mainstem - spring/summer","{""ext_datasource"": ""SPS"", ""NMFS_POPID"": 88}"
34,88,TRUE,"Salmon, Chinook (Snake River spring/summer-run ESU) Salmon River Lower Mainstem - spring/summer","{""ext_datasource"": ""CAX"", ""POPID"":34, ""SPAWNINGYEAR"": {""$gte"": 2015}}"
35,89,TRUE,"Salmon, Chinook (Snake River spring/summer-run ESU) Salmon River Upper Mainstem - spring","{""ext_datasource"": ""SPS"", ""NMFS_POPID"": 89}"
35,89,TRUE,"Salmon, Chinook (Snake River spring/summer-run ESU) Salmon River Upper Mainstem - spring","{""ext_datasource"": ""CAX"", ""POPID"":35, ""SPAWNINGYEAR"": {""$gte"": 2015}}"
36,97,TRUE,"Salmon, Chinook (Snake River spring/summer-run ESU) Valley Creek - spring/summer","{""ext_datasource"": ""SPS"", ""NMFS_POPID"": 97}"
36,97,TRUE,"Salmon, Chinook (Snake River spring/summer-run ESU) Valley Creek - spring/summer","{""ext_datasource"": ""CAX"", ""POPID"":36, ""SPAWNINGYEAR"": {""$gte"": 2015}}"
37,99,TRUE,"Salmon, Chinook (Snake River spring/summer-run ESU) Yankee Fork - spring","{""ext_datasource"": ""SPS"", ""NMFS_POPID"": 99}"
37,99,TRUE,"Salmon, Chinook (Snake River spring/summer-run ESU) Yankee Fork - spring","{""ext_datasource"": ""CAX"", ""POPID"":37, ""SPAWNINGYEAR"": {""$gte"": 2015}}"
38,72,TRUE,"Salmon, Chinook (Snake River spring/summer-run ESU) Lochsa River - unknown","{""ext_datasource"": ""SPS"", ""NMFS_POPID"": 72}"
38,72,TRUE,"Salmon, Chinook (Snake River spring/summer-run ESU) Lochsa River - unknown","{""ext_datasource"": ""CAX"", ""POPID"":38, ""SPAWNINGYEAR"": {""$gte"": 2015}}"
39,73,FALSE,"Salmon, Chinook (Snake River spring/summer-run ESU) Lolo Creek - unknown","{""ext_datasource"": ""SPS"", ""NMFS_POPID"": 73}"
39,73,TRUE,"Salmon, Chinook (Snake River spring/summer-run ESU) Lolo Creek - unknown","{""ext_datasource"": ""NPT"", ""POPID"":39}"
40,77,FALSE,"Salmon, Chinook (Snake River spring/summer-run ESU) North Fork Clearwater River Lower Mainstem - unknown","{""ext_datasource"": ""SPS"", ""NMFS_POPID"": 77}"
40,77,FALSE,"Salmon, Chinook (Snake River spring/summer-run ESU) North Fork Clearwater River Lower Mainstem - unknown","{""ext_datasource"": ""CAX"", ""POPID"":40, ""SPAWNINGYEAR"": {""$gte"": 2015}}"
41,79,TRUE,"Salmon, Chinook (Snake River spring/summer-run ESU) Meadow Creek - unknown","{""ext_datasource"": ""SPS"", ""NMFS_POPID"": 79}"
41,79,TRUE,"Salmon, Chinook (Snake River spring/summer-run ESU) Meadow Creek - unknown","{""ext_datasource"": ""CAX"", ""POPID"":41, ""SPAWNINGYEAR"": {""$gte"": 2015}}"
42,83,TRUE,"Salmon, Chinook (Snake River spring/summer-run ESU) Moose Creek - unknown","{""ext_datasource"": ""SPS"", ""NMFS_POPID"": 83}"
42,83,TRUE,"Salmon, Chinook (Snake River spring/summer-run ESU) Moose Creek - unknown","{""ext_datasource"": ""CAX"", ""POPID"":42, ""SPAWNINGYEAR"": {""$gte"": 2015}}"
43,94,TRUE,"Salmon, Chinook (Snake River spring/summer-run ESU) North Fork Clearwater River Upper Mainstem - unknown","{""ext_datasource"": ""SPS"", ""NMFS_POPID"": 94}"
43,94,TRUE,"Salmon, Chinook (Snake River spring/summer-run ESU) North Fork Clearwater River Upper Mainstem - unknown","{""ext_datasource"": ""CAX"", ""POPID"":43, ""SPAWNINGYEAR"": {""$gte"": 2015}}"
44,95,TRUE,"Salmon, Chinook (Snake River spring/summer-run ESU) Selway River Upper Mainstem - unknown","{""ext_datasource"": ""SPS"", ""NMFS_POPID"": 95}"
44,95,TRUE,"Salmon, Chinook (Snake River spring/summer-run ESU) Selway River Upper Mainstem - unknown","{""ext_datasource"": ""CAX"", ""POPID"":44, ""SPAWNINGYEAR"": {""$gte"": 2015}}"
45,100,TRUE,"Salmon, Chinook (Upper Columbia River spring-run ESU) Entiat River - spring","{""ext_datasource"": ""SPS"", ""NMFS_POPID"": 100}"
45,100,TRUE,"Salmon, Chinook (Upper Columbia River spring-run ESU) Entiat River - spring","{""ext_datasource"": ""CAX"", ""POPID"":45, ""SPAWNINGYEAR"": {""$gte"": 2014},""TRTMETHOD"": ""Yes""}"
46,101,TRUE,"Salmon, Chinook (Upper Columbia River spring-run ESU) Methow River - spring","{""ext_datasource"": ""SPS"", ""NMFS_POPID"": 101}"
46,101,TRUE,"Salmon, Chinook (Upper Columbia River spring-run ESU) Methow River - spring","{""ext_datasource"": ""CAX"", ""POPID"":46, ""SPAWNINGYEAR"": {""$gte"": 2015}}"
47,102,TRUE,"Salmon, Chinook (Upper Columbia River spring-run ESU) Wenatchee River - spring","{""ext_datasource"": ""SPS"", ""NMFS_POPID"": 102}"
47,102,TRUE,"Salmon, Chinook (Upper Columbia River spring-run ESU) Wenatchee River - spring","{""ext_datasource"": ""CAX"", ""POPID"":47, ""SPAWNINGYEAR"": {""$gte"": 2014}}"
51,215,TRUE,"Salmon, sockeye (Snake River ESU) Alturas Lake - summer","{""ext_datasource"": ""SPS"", ""NMFS_POPID"": 215}"
51,215,TRUE,"Salmon, sockeye (Snake River ESU) Alturas Lake - summer","{""ext_datasource"": ""CAX"", ""POPID"":51, ""SPAWNINGYEAR"": {""$gte"": 2015}}"
52,216,TRUE,"Salmon, sockeye (Snake River ESU) Hell Roaring Lake - summer","{""ext_datasource"": ""SPS"", ""NMFS_POPID"": 216}"
52,216,TRUE,"Salmon, sockeye (Snake River ESU) Hell Roaring Lake - summer","{""ext_datasource"": ""CAX"", ""POPID"":52, ""SPAWNINGYEAR"": {""$gte"": 2015}}"
53,219,TRUE,"Salmon, sockeye (Snake River ESU) Pettit Lake - summer","{""ext_datasource"": ""SPS"", ""NMFS_POPID"": 219}"
53,219,TRUE,"Salmon, sockeye (Snake River ESU) Pettit Lake - summer","{""ext_datasource"": ""CAX"", ""POPID"":53, ""SPAWNINGYEAR"": {""$gte"": 2015}}"
54,220,TRUE,"Salmon, sockeye (Snake River ESU) Redfish Lake - summer","{""ext_datasource"": ""CAX"", ""POPID"":54}"
55,221,TRUE,"Salmon, sockeye (Snake River ESU) Stanley Lake - summer","{""ext_datasource"": ""SPS"", ""NMFS_POPID"": 221}"
55,221,TRUE,"Salmon, sockeye (Snake River ESU) Stanley Lake - summer","{""ext_datasource"": ""CAX"", ""POPID"":55, ""SPAWNINGYEAR"": {""$gte"": 2015}}"
56,224,TRUE,"Salmon, sockeye (Snake River ESU) Yellow Belly Lake - summer","{""ext_datasource"": ""SPS"", ""NMFS_POPID"": 224}"
56,224,TRUE,"Salmon, sockeye (Snake River ESU) Yellow Belly Lake - summer","{""ext_datasource"": ""CAX"", ""POPID"":56, ""SPAWNINGYEAR"": {""$gte"": 2015}}"
57,248,TRUE,Steelhead (Middle Columbia River DPS) Crooked River - summer,"{""ext_datasource"": ""SPS"", ""NMFS_POPID"": 248}"
57,248,TRUE,Steelhead (Middle Columbia River DPS) Crooked River - summer,"{""ext_datasource"": ""CAX"", ""POPID"":57, ""SPAWNINGYEAR"": {""$gte"": 2015}}"
58,249,TRUE,Steelhead (Middle Columbia River DPS) Deschutes River Eastside - summer,"{""ext_datasource"": ""CAX"", ""POPID"":58}"
59,250,TRUE,Steelhead (Middle Columbia River DPS) Deschutes River Westside - summer,"{""ext_datasource"": ""CAX"", ""POPID"":59}"
60,251,TRUE,Steelhead (Middle Columbia River DPS) Fifteenmile Creek - winter,"{""ext_datasource"": ""CAX"", ""POPID"":60}"
61,254,TRUE,Steelhead (Middle Columbia River DPS) Klickitat River - summer and winter,"{""ext_datasource"": ""CAX"", ""POPID"":61, ""POPFIT"": ""Same""}"
62,258,TRUE,Steelhead (Middle Columbia River DPS) Rock Creek - summer,"{""ext_datasource"": ""SPS"", ""NMFS_POPID"": 258}"
62,258,TRUE,Steelhead (Middle Columbia River DPS) Rock Creek - summer,"{""ext_datasource"": ""CAX"", ""POPID"":62, ""SPAWNINGYEAR"": {""$gte"": 2015}}"
63,265,TRUE,Steelhead (Middle Columbia River DPS) White Salmon River - summer,"{""ext_datasource"": ""SPS"", ""NMFS_POPID"": 265}"
63,265,TRUE,Steelhead (Middle Columbia River DPS) White Salmon River - summer,"{""ext_datasource"": ""CAX"", ""POPID"":63, ""SPAWNINGYEAR"": {""$gte"": 2015}}"
64,252,TRUE,Steelhead (Middle Columbia River DPS) John Day River Lower Mainstem Tributaries - summer,"{""ext_datasource"": ""CAX"", ""POPID"":64}"
65,253,TRUE,Steelhead (Middle Columbia River DPS) John Day River Upper Mainstem - summer,"{""ext_datasource"": ""CAX"", ""POPID"":65}"
66,255,TRUE,Steelhead (Middle Columbia River DPS) Middle Fork John Day River - summer,"{""ext_datasource"": ""CAX"", ""POPID"":66}"
67,257,TRUE,Steelhead (Middle Columbia River DPS) North Fork John Day River - summer,"{""ext_datasource"": ""CAX"", ""POPID"":67}"
68,260,TRUE,Steelhead (Middle Columbia River DPS) South Fork John Day River - summer,"{""ext_datasource"": ""CAX"", ""POPID"":68}"
69,262,TRUE,Steelhead (Middle Columbia River DPS) Touchet River - summer,"{""ext_datasource"": ""SPS"", ""NMFS_POPID"": 262}"
69,262,TRUE,Steelhead (Middle Columbia River DPS) Touchet River - summer,"{""ext_datasource"": ""CAX"", ""POPID"":69, ""SPAWNINGYEAR"": {""$gte"": 2014}}"
70,263,TRUE,Steelhead (Middle Columbia River DPS) Umatilla River - summer,"{""ext_datasource"": ""SPS"", ""NMFS_POPID"": 263}"
70,263,TRUE,Steelhead (Middle Columbia River DPS) Umatilla River - summer,"{""ext_datasource"": ""CAX"", ""POPID"":70, ""SPAWNINGYEAR"": {""$gte"": 2013}}"
71,264,TRUE,Steelhead (Middle Columbia River DPS) Walla Walla River - summer,"{""ext_datasource"": ""SPS"", ""NMFS_POPID"": 264}"
71,264,TRUE,Steelhead (Middle Columbia River DPS) Walla Walla River - summer,"{""ext_datasource"": ""CAX"", ""POPID"":71, ""SPAWNINGYEAR"": {""$gte"": 2013}}"
72,266,TRUE,Steelhead (Middle Columbia River DPS) Willow Creek - summer,"{""ext_datasource"": ""SPS"", ""NMFS_POPID"": 266}"
72,266,TRUE,Steelhead (Middle Columbia River DPS) Willow Creek - summer,"{""ext_datasource"": ""CAX"", ""POPID"":72, ""SPAWNINGYEAR"": {""$gte"": 2015}}"
73,256,TRUE,Steelhead (Middle Columbia River DPS) Naches River - summer,"{""ext_datasource"": ""SPS"", ""NMFS_POPID"": 256}"
73,256,TRUE,Steelhead (Middle Columbia River DPS) Naches River - summer,"{""ext_datasource"": ""CAX"", ""POPID"":73, ""SPAWNINGYEAR"": {""$gte"": 2015}}"
74,259,TRUE,Steelhead (Middle Columbia River DPS) Satus Creek - summer,"{""ext_datasource"": ""SPS"", ""NMFS_POPID"": 259}"
74,259,TRUE,Steelhead (Middle Columbia River DPS) Satus Creek - summer,"{""ext_datasource"": ""CAX"", ""POPID"":74, ""SPAWNINGYEAR"": {""$gte"": 2015}}"
75,261,TRUE,Steelhead (Middle Columbia River DPS) Toppenish Creek - summer,"{""ext_datasource"": ""SPS"", ""NMFS_POPID"": 261}"
75,261,TRUE,Steelhead (Middle Columbia River DPS) Toppenish Creek - summer,"{""ext_datasource"": ""CAX"", ""POPID"":75, ""SPAWNINGYEAR"": {""$gte"": 2015}}"
76,267,TRUE,Steelhead (Middle Columbia River DPS) Yakima River Upper Mainstem - summer,"{""ext_datasource"": ""SPS"", ""NMFS_POPID"": 267}"
76,267,TRUE,Steelhead (Middle Columbia River DPS) Yakima River Upper Mainstem - summer,"{""ext_datasource"": ""CAX"", ""POPID"":76, ""SPAWNINGYEAR"": {""$gte"": 2015}}"
77,303,TRUE,Steelhead (Snake River Basin DPS) Clearwater River Lower Mainstem - summer,"{""ext_datasource"": ""SPS"", ""NMFS_POPID"": 303}"
77,303,TRUE,Steelhead (Snake River Basin DPS) Clearwater River Lower Mainstem - summer,"{""ext_datasource"": ""CAX"", ""POPID"":77, ""SPAWNINGYEAR"": {""$gte"": 2015}}"
78,313,FALSE,Steelhead (Snake River Basin DPS) Lochsa River - summer,"{""ext_datasource"": ""ISEMP"", ""NMFS_POPID"": 313}"
78,313,TRUE,Steelhead (Snake River Basin DPS) Lochsa River - summer,"{""ext_datasource"": ""NPT"", ""POPID"":78}"
79,314,FALSE,Steelhead (Snake River Basin DPS) Lolo Creek - summer,"{""ext_datasource"": ""ISEMP"", ""NMFS_POPID"": 314}"
79,314,TRUE,Steelhead (Snake River Basin DPS) Lolo Creek - summer,"{""ext_datasource"": ""NPT"", ""POPID"":79}"
80,316,TRUE,Steelhead (Snake River Basin DPS) North Fork Clearwater River - summer,"{""ext_datasource"": ""SPS"", ""NMFS_POPID"": 316}"
80,316,TRUE,Steelhead (Snake River Basin DPS) North Fork Clearwater River - summer,"{""ext_datasource"": ""CAX"", ""POPID"":80, ""SPAWNINGYEAR"": {""$gte"": 2015}}"
81,322,TRUE,Steelhead (Snake River Basin DPS) Selway River - summer,"{""ext_datasource"": ""SPS"", ""NMFS_POPID"": 322}"
81,322,TRUE,Steelhead (Snake River Basin DPS) Selway River - summer,"{""ext_datasource"": ""CAX"", ""POPID"":81, ""SPAWNINGYEAR"": {""$gte"": 2015}}"
82,323,FALSE,Steelhead (Snake River Basin DPS) South Fork Clearwater River - summer,"{""ext_datasource"": ""ISEMP"", ""NMFS_POPID"": 323}"
82,323,TRUE,Steelhead (Snake River Basin DPS) South Fork Clearwater River - summer,"{""ext_datasource"": ""NPT"", ""POPID"":82}"
83,305,TRUE,Steelhead (Snake River Basin DPS) Grande Ronde River Lower Mainstem - summer,"{""ext_datasource"": ""SPS"", ""NMFS_POPID"": 305}"
83,305,TRUE,Steelhead (Snake River Basin DPS) Grande Ronde River Lower Mainstem - summer,"{""ext_datasource"": ""CAX"", ""POPID"":83, ""SPAWNINGYEAR"": {""$gte"": 2015}}"
84,306,TRUE,Steelhead (Snake River Basin DPS) Grande Ronde River Upper Mainstem - summer,"{""ext_datasource"": ""SPS"", ""NMFS_POPID"": 306}"
84,306,TRUE,Steelhead (Snake River Basin DPS) Grande Ronde River Upper Mainstem - summer,"{""ext_datasource"": ""CAX"", ""POPID"":84, ""SPAWNINGYEAR"": {""$gte"": 2014}}"
85,310,FALSE,Steelhead (Snake River Basin DPS) Joseph Creek - summer,"{""ext_datasource"": ""SPS"", ""NMFS_POPID"": 310}"
85,310,TRUE,Steelhead (Snake River Basin DPS) Joseph Creek - summer,"{""ext_datasource"": ""CAX"", ""POPID"":85}"
86,326,TRUE,Steelhead (Snake River Basin DPS) Wallowa River - summer,"{""ext_datasource"": ""SPS"", ""NMFS_POPID"": 326}"
86,326,TRUE,Steelhead (Snake River Basin DPS) Wallowa River - summer,"{""ext_datasource"": ""CAX"", ""POPID"":86, ""SPAWNINGYEAR"": {""$gte"": 2015}}"
87,307,TRUE,Steelhead (Snake River Basin DPS) Hells Canyon - summer,"{""ext_datasource"": ""SPS"", ""NMFS_POPID"": 307}"
87,307,TRUE,Steelhead (Snake River Basin DPS) Hells Canyon - summer,"{""ext_datasource"": ""CAX"", ""POPID"":87, ""SPAWNINGYEAR"": {""$gte"": 2015}}"
89,309,FALSE,Steelhead (Snake River Basin DPS) Imnaha River - summer,"{""ext_datasource"": ""ISEMP"", ""NMFS_POPID"": 309}"
89,309,TRUE,Steelhead (Snake River Basin DPS) Imnaha River - summer,"{""ext_datasource"": ""NPT"", ""POPID"":89}"
89,309,FALSE,Steelhead (Snake River Basin DPS) Imnaha River - summer,"{""ext_datasource"": ""NPT"", ""POPID"":89}"
90,300,TRUE,Steelhead (Snake River Basin DPS) Asotin Creek - summer,"{""ext_datasource"": ""CAX"", ""POPID"":90}"
91,325,TRUE,Steelhead (Snake River Basin DPS) Tucannon River - summer,"{""ext_datasource"": ""SPS"", ""NMFS_POPID"": 325}"
91,325,TRUE,Steelhead (Snake River Basin DPS) Tucannon River - summer,"{""ext_datasource"": ""CAX"", ""POPID"":91, ""SPAWNINGYEAR"": {""$gte"": 2015}}"
92,301,FALSE,Steelhead (Snake River Basin DPS) Middle Fork Salmon River Lower Mainstem - summer,"{""ext_datasource"": ""ISEMP"", ""NMFS_POPID"": 301}"
92,301,TRUE,Steelhead (Snake River Basin DPS) Middle Fork Salmon River Lower Mainstem - summer,"{""ext_datasource"": ""NPT"", ""POPID"":92}"
93,302,TRUE,Steelhead (Snake River Basin DPS) Chamberlain Creek - summer,"{""ext_datasource"": ""SPS"", ""NMFS_POPID"": 302}"
93,302,TRUE,Steelhead (Snake River Basin DPS) Chamberlain Creek - summer,"{""ext_datasource"": ""CAX"", ""POPID"":93, ""SPAWNINGYEAR"": {""$gte"": 2015}}"
94,304,FALSE,Steelhead (Snake River Basin DPS) East Fork Salmon River - summer,"{""ext_datasource"": ""SPS"", ""NMFS_POPID"": 304}"
94,304,TRUE,Steelhead (Snake River Basin DPS) East Fork Salmon River - summer,"{""ext_datasource"": ""NPT"", ""POPID"":94}"
95,311,FALSE,Steelhead (Snake River Basin DPS) Lemhi River - summer,"{""ext_datasource"": ""ISEMP"", ""NMFS_POPID"": 311}"
95,311,TRUE,Steelhead (Snake River Basin DPS) Lemhi River - summer,"{""ext_datasource"": ""NPT"", ""POPID"":95}"
96,312,FALSE,Steelhead (Snake River Basin DPS) Little Salmon River - summer,"{""ext_datasource"": ""SPS"", ""NMFS_POPID"": 312}"
96,312,TRUE,Steelhead (Snake River Basin DPS) Little Salmon River - summer,"{""ext_datasource"": ""NPT"", ""POPID"":96}"
97,315,FALSE,Steelhead (Snake River Basin DPS) Middle Fork Salmon River Upper Mainstem - summer,"{""ext_datasource"": ""SPS"", ""NMFS_POPID"": 315}"
97,315,TRUE,Steelhead (Snake River Basin DPS) Middle Fork Salmon River Upper Mainstem - summer,"{""ext_datasource"": ""NPT"", ""POPID"":97}"
98,317,FALSE,Steelhead (Snake River Basin DPS) North Fork Salmon River - summer,"{""ext_datasource"": ""SPS"", ""NMFS_POPID"": 317}"
98,317,TRUE,Steelhead (Snake River Basin DPS) North Fork Salmon River - summer,"{""ext_datasource"": ""NPT"", ""POPID"":98}"
99,318,FALSE,Steelhead (Snake River Basin DPS) Pahsimeroi River - summer,"{""ext_datasource"": ""ISEMP"", ""NMFS_POPID"": 318}"
99,318,TRUE,Steelhead (Snake River Basin DPS) Pahsimeroi River - summer,"{""ext_datasource"": ""NPT"", ""POPID"":99}"
100,319,FALSE,Steelhead (Snake River Basin DPS) Panther Creek - summer,"{""ext_datasource"": ""SPS"", ""NMFS_POPID"": 319}"
100,319,TRUE,Steelhead (Snake River Basin DPS) Panther Creek - summer,"{""ext_datasource"": ""NPT"", ""POPID"":100}"
101,320,FALSE,Steelhead (Snake River Basin DPS) Salmon River Upper Mainstem - summer,"{""ext_datasource"": ""ISEMP"", ""NMFS_POPID"": 320}"
101,320,TRUE,Steelhead (Snake River Basin DPS) Salmon River Upper Mainstem - summer,"{""ext_datasource"": ""NPT"", ""POPID"":101}"
102,321,FALSE,Steelhead (Snake River Basin DPS) Secesh River - summer,"{""ext_datasource"": ""ISEMP"", ""NMFS_POPID"": 321}"
102,321,TRUE,Steelhead (Snake River Basin DPS) Secesh River - summer,"{""ext_datasource"": ""NPT"", ""POPID"":102}"
103,324,FALSE,Steelhead (Snake River Basin DPS) South Fork Salmon River - summer,"{""ext_datasource"": ""ISEMP"", ""NMFS_POPID"": 324}"
103,324,TRUE,Steelhead (Snake River Basin DPS) South Fork Salmon River - summer,"{""ext_datasource"": ""NPT"", ""POPID"":103}"
104,327,TRUE,Steelhead (Upper Columbia River DPS) Crab Creek - summer,"{""ext_datasource"": ""SPS"", ""NMFS_POPID"": 327}"
104,327,TRUE,Steelhead (Upper Columbia River DPS) Crab Creek - summer,"{""ext_datasource"": ""CAX"", ""POPID"":104, ""SPAWNINGYEAR"": {""$gte"": 2015}}"
105,328,TRUE,Steelhead (Upper Columbia River DPS) Entiat River - summer,"{""ext_datasource"": ""SPS"", ""NMFS_POPID"": 328}"
105,328,TRUE,Steelhead (Upper Columbia River DPS) Entiat River - summer,"{""ext_datasource"": ""CAX"", ""POPID"":105, ""SPAWNINGYEAR"": {""$gte"": 2015}, ""TRTMETHOD"": ""Yes""}"
106,329,TRUE,Steelhead (Upper Columbia River DPS) Methow River - summer,"{""ext_datasource"": ""SPS"", ""NMFS_POPID"": 329}"
106,329,TRUE,Steelhead (Upper Columbia River DPS) Methow River - summer,"{""ext_datasource"": ""CAX"", ""POPID"":106, ""SPAWNINGYEAR"": {""$gte"": 2015}}"
107,330,TRUE,Steelhead (Upper Columbia River DPS) Okanogan River - summer,"{""ext_datasource"": ""SPS"", ""NMFS_POPID"": 330, ""BROOD_YEAR"": {""$lte"": 2014}}"
107,330,TRUE,Steelhead (Upper Columbia River DPS) Okanogan River - summer,"{""ext_datasource"": ""CAX"", ""POPID"":107, ""SPAWNINGYEAR"": {""$gte"": 2015}, ""CONTACTAGENCY"": ""Washington Department of Fish and Wildlife""}"
108,331,TRUE,Steelhead (Upper Columbia River DPS) Wenatchee River - summer,"{""ext_datasource"": ""SPS"", ""NMFS_POPID"": 331}"
108,331,TRUE,Steelhead (Upper Columbia River DPS) Wenatchee River - summer,"{""ext_datasource"": ""CAX"", ""POPID"":108, ""SPAWNINGYEAR"": {""$gte"": 2015}}"
212,3,TRUE,"Salmon, Chinook (Lower Columbia River ESU) Cispus River - spring","{""ext_datasource"": ""SPS"", ""NMFS_POPID"": 3}"
212,3,TRUE,"Salmon, Chinook (Lower Columbia River ESU) Cispus River - spring","{""ext_datasource"": ""CAX"", ""POPID"":212, ""SPAWNINGYEAR"": {""$gte"": 2015}}"
213,6,TRUE,"Salmon, Chinook (Lower Columbia River ESU) Coweeman River - fall","{""ext_datasource"": ""SPS"", ""NMFS_POPID"": 6}"
213,6,TRUE,"Salmon, Chinook (Lower Columbia River ESU) Coweeman River - fall","{""ext_datasource"": ""CAX"", ""POPID"":213, ""SPAWNINGYEAR"": {""$gte"": 2015}}"
214,11,TRUE,"Salmon, Chinook (Lower Columbia River ESU) Kalama River - fall","{""ext_datasource"": ""SPS"", ""NMFS_POPID"": 11}"
214,11,TRUE,"Salmon, Chinook (Lower Columbia River ESU) Kalama River - fall","{""ext_datasource"": ""CAX"", ""POPID"":214, ""SPAWNINGYEAR"": {""$gte"": 2015}}"
215,12,TRUE,"Salmon, Chinook (Lower Columbia River ESU) Kalama River - spring","{""ext_datasource"": ""SPS"", ""NMFS_POPID"": 12}"
215,12,TRUE,"Salmon, Chinook (Lower Columbia River ESU) Kalama River - spring","{""ext_datasource"": ""CAX"", ""POPID"":215, ""SPAWNINGYEAR"": {""$gte"": 2015}}"
216,13,TRUE,"Salmon, Chinook (Lower Columbia River ESU) Lewis River - late fall","{""ext_datasource"": ""SPS"", ""NMFS_POPID"": 13}"
216,13,TRUE,"Salmon, Chinook (Lower Columbia River ESU) Lewis River - late fall","{""ext_datasource"": ""CAX"", ""POPID"":216, ""SPAWNINGYEAR"": {""$gte"": 2014}}"
217,14,TRUE,"Salmon, Chinook (Lower Columbia River ESU) Lewis River - fall","{""ext_datasource"": ""SPS"", ""NMFS_POPID"": 14}"
217,14,TRUE,"Salmon, Chinook (Lower Columbia River ESU) Lewis River - fall","{""ext_datasource"": ""CAX"", ""POPID"":217, ""SPAWNINGYEAR"": {""$gte"": 2015}}"
218,15,TRUE,"Salmon, Chinook (Lower Columbia River ESU) Lower Cowlitz River - fall","{""ext_datasource"": ""SPS"", ""NMFS_POPID"": 15}"
218,15,TRUE,"Salmon, Chinook (Lower Columbia River ESU) Lower Cowlitz River - fall","{""ext_datasource"": ""CAX"", ""POPID"":218, ""SPAWNINGYEAR"": {""$gte"": 2014}}"
219,18,TRUE,"Salmon, Chinook (Lower Columbia River ESU) North Fork Lewis River - spring","{""ext_datasource"": ""CAX"", ""POPID"":219}"
220,19,TRUE,"Salmon, Chinook (Lower Columbia River ESU) Salmon Creek - fall","{""ext_datasource"": ""SPS"", ""NMFS_POPID"": 19}"
220,19,TRUE,"Salmon, Chinook (Lower Columbia River ESU) Salmon Creek - fall","{""ext_datasource"": ""CAX"", ""POPID"":220, ""SPAWNINGYEAR"": {""$gte"": 2015}}"
221,20,TRUE,"Salmon, Chinook (Lower Columbia River ESU) Sandy River - late fall","{""ext_datasource"": ""SPS"", ""NMFS_POPID"": 20}"
221,20,TRUE,"Salmon, Chinook (Lower Columbia River ESU) Sandy River - late fall","{""ext_datasource"": ""CAX"", ""POPID"":221, ""SPAWNINGYEAR"": {""$gte"": 2015}}"
222,21,TRUE,"Salmon, Chinook (Lower Columbia River ESU) Sandy River - fall","{""ext_datasource"": ""SPS"", ""NMFS_POPID"": 21}"
222,21,TRUE,"Salmon, Chinook (Lower Columbia River ESU) Sandy River - fall","{""ext_datasource"": ""CAX"", ""POPID"":222, ""SPAWNINGYEAR"": {""$gte"": 2015}}"
223,22,TRUE,"Salmon, Chinook (Lower Columbia River ESU) Sandy River - spring","{""ext_datasource"": ""SPS"", ""NMFS_POPID"": 22}"
223,22,TRUE,"Salmon, Chinook (Lower Columbia River ESU) Sandy River - spring","{""ext_datasource"": ""CAX"", ""POPID"":223, ""SPAWNINGYEAR"": {""$gte"": 2015}}"
224,24,TRUE,"Salmon, Chinook (Lower Columbia River ESU) Tilton River - spring","{""ext_datasource"": ""SPS"", ""NMFS_POPID"": 24}"
224,24,TRUE,"Salmon, Chinook (Lower Columbia River ESU) Tilton River - spring","{""ext_datasource"": ""CAX"", ""POPID"":224, ""SPAWNINGYEAR"": {""$gte"": 2015}}"
225,25,TRUE,"Salmon, Chinook (Lower Columbia River ESU) Toutle River - fall","{""ext_datasource"": ""SPS"", ""NMFS_POPID"": 25}"
225,25,TRUE,"Salmon, Chinook (Lower Columbia River ESU) Toutle River - fall","{""ext_datasource"": ""CAX"", ""POPID"":225, ""SPAWNINGYEAR"": {""$gte"": 2015}}"
226,26,TRUE,"Salmon, Chinook (Lower Columbia River ESU) Toutle River - spring","{""ext_datasource"": ""SPS"", ""NMFS_POPID"": 26}"
226,26,TRUE,"Salmon, Chinook (Lower Columbia River ESU) Toutle River - spring","{""ext_datasource"": ""CAX"", ""POPID"":226, ""SPAWNINGYEAR"": {""$gte"": 2015}}"
227,27,TRUE,"Salmon, Chinook (Lower Columbia River ESU) Upper Cowlitz River - fall","{""ext_datasource"": ""CAX"", ""POPID"":227}"
228,28,TRUE,"Salmon, Chinook (Lower Columbia River ESU) Upper Cowlitz River - spring","{""ext_datasource"": ""CAX"", ""POPID"":228}"
229,30,TRUE,"Salmon, Chinook (Lower Columbia River ESU) Washougal River - fall","{""ext_datasource"": ""SPS"", ""NMFS_POPID"": 30}"
229,30,TRUE,"Salmon, Chinook (Lower Columbia River ESU) Washougal River - fall","{""ext_datasource"": ""CAX"", ""POPID"":229, ""SPAWNINGYEAR"": {""$gte"": 2015}}"
230,1,TRUE,"Salmon, Chinook (Lower Columbia River ESU) Big Creek - fall","{""ext_datasource"": ""CAX"", ""POPID"":230}"
232,5,TRUE,"Salmon, Chinook (Lower Columbia River ESU) Clatskanie River - fall","{""ext_datasource"": ""CAX"", ""POPID"":232}"
233,7,TRUE,"Salmon, Chinook (Lower Columbia River ESU) Elochoman River - fall","{""ext_datasource"": ""SPS"", ""NMFS_POPID"": 7}"
233,7,TRUE,"Salmon, Chinook (Lower Columbia River ESU) Elochoman River - fall","{""ext_datasource"": ""CAX"", ""POPID"":233, ""SPAWNINGYEAR"": {""$gte"": 2015}}"
234,8,TRUE,"Salmon, Chinook (Lower Columbia River ESU) Grays and Chinook Rivers - fall","{""ext_datasource"": ""SPS"", ""NMFS_POPID"": 8}"
234,8,TRUE,"Salmon, Chinook (Lower Columbia River ESU) Grays and Chinook Rivers - fall","{""ext_datasource"": ""CAX"", ""POPID"":234, ""SPAWNINGYEAR"": {""$gte"": 2015}}"
235,17,TRUE,"Salmon, Chinook (Lower Columbia River ESU) Mill, Abernathy, and Germany Creeks - fall","{""ext_datasource"": ""SPS"", ""NMFS_POPID"": 17}"
235,17,TRUE,"Salmon, Chinook (Lower Columbia River ESU) Mill, Abernathy, and Germany Creeks - fall","{""ext_datasource"": ""CAX"", ""POPID"":235, ""SPAWNINGYEAR"": {""$gte"": 2015}}"
236,23,TRUE,"Salmon, Chinook (Lower Columbia River ESU) Scappoose Creek - fall","{""ext_datasource"": ""CAX"", ""POPID"":236}"
237,33,TRUE,"Salmon, Chinook (Lower Columbia River ESU) Youngs Bay - fall","{""ext_datasource"": ""CAX"", ""POPID"":237}"
238,9,FALSE,"Salmon, Chinook (Lower Columbia River ESU) Hood River - fall","{""ext_datasource"": ""SPS"", ""NMFS_POPID"": 9}"
238,9,TRUE,"Salmon, Chinook (Lower Columbia River ESU) Hood River - fall","{""ext_datasource"": ""CAX"", ""POPID"":238}"
239,10,TRUE,"Salmon, Chinook (Lower Columbia River ESU) Hood River - spring","{""ext_datasource"": ""SPS"", ""NMFS_POPID"": 10}"
239,10,TRUE,"Salmon, Chinook (Lower Columbia River ESU) Hood River - spring","{""ext_datasource"": ""CAX"", ""POPID"":239, ""SPAWNINGYEAR"": {""$gte"": 2015}}"
240,16,TRUE,"Salmon, Chinook (Lower Columbia River ESU) Lower Gorge Tributaries - fall","{""ext_datasource"": ""CAX"", ""POPID"":240, ""SUBMITAGENCY"": ""WDFW""}"
241,29,TRUE,"Salmon, Chinook (Lower Columbia River ESU) Upper Gorge Tributaries - fall","{""ext_datasource"": ""CAX"", ""POPID"":241, ""SPAWNINGYEAR"": {""$gte"": 2013}, ""SUBMITAGENCY"": ""WDFW""}"
241,29,TRUE,"Salmon, Chinook (Lower Columbia River ESU) Upper Gorge Tributaries - fall","{""ext_datasource"": ""CAX"", ""POPID"":241, ""SPAWNINGYEAR"": {""$lte"": 2012}}"
242,31,TRUE,"Salmon, Chinook (Lower Columbia River ESU) White Salmon River - fall","{""ext_datasource"": ""SPS"", ""NMFS_POPID"": 31}"
242,31,TRUE,"Salmon, Chinook (Lower Columbia River ESU) White Salmon River - fall","{""ext_datasource"": ""CAX"", ""POPID"":242, ""SPAWNINGYEAR"": {""$gte"": 2015}}"
243,32,TRUE,"Salmon, Chinook (Lower Columbia River ESU) White Salmon River - spring","{""ext_datasource"": ""SPS"", ""NMFS_POPID"": 32, ""SPAWNINGYEAR"": {""$lte"": 2012}}"
243,32,TRUE,"Salmon, Chinook (Lower Columbia River ESU) White Salmon River - spring","{""ext_datasource"": ""CAX"", ""POPID"":243, ""SPAWNINGYEAR"": {""$gte"": 2013}}"
244,4,TRUE,"Salmon, Chinook (Lower Columbia River ESU) Clackamas River - fall","{""ext_datasource"": ""CAX"", ""POPID"":244}"
245,103,TRUE,"Salmon, Chinook (Upper Willamette River ESU) Calapooia River - spring","{""ext_datasource"": ""SPS"", ""NMFS_POPID"": 103}"
245,103,TRUE,"Salmon, Chinook (Upper Willamette River ESU) Calapooia River - spring","{""ext_datasource"": ""CAX"", ""POPID"":245, ""SPAWNINGYEAR"": {""$gte"": 2015}}"
246,104,FALSE,"Salmon, Chinook (Upper Willamette River ESU) Clackamas River - spring","{""ext_datasource"": ""SPS"", ""NMFS_POPID"": 104}"
246,104,TRUE,"Salmon, Chinook (Upper Willamette River ESU) Clackamas River - spring","{""ext_datasource"": ""CAX"", ""POPID"":246}"
247,105,TRUE,"Salmon, Chinook (Upper Willamette River ESU) McKenzie River - spring","{""ext_datasource"": ""SPS"", ""NMFS_POPID"": 105}"
247,105,TRUE,"Salmon, Chinook (Upper Willamette River ESU) McKenzie River - spring","{""ext_datasource"": ""CAX"", ""POPID"":247, ""SPAWNINGYEAR"": {""$gte"": 2015}}"
248,106,TRUE,"Salmon, Chinook (Upper Willamette River ESU) Middle Fork Willamette River - spring","{""ext_datasource"": ""SPS"", ""NMFS_POPID"": 106}"
248,106,TRUE,"Salmon, Chinook (Upper Willamette River ESU) Middle Fork Willamette River - spring","{""ext_datasource"": ""CAX"", ""POPID"":248, ""SPAWNINGYEAR"": {""$gte"": 2015}}"
249,107,TRUE,"Salmon, Chinook (Upper Willamette River ESU) Molalla River - spring","{""ext_datasource"": ""SPS"", ""NMFS_POPID"": 107}"
249,107,TRUE,"Salmon, Chinook (Upper Willamette River ESU) Molalla River - spring","{""ext_datasource"": ""CAX"", ""POPID"":249, ""SPAWNINGYEAR"": {""$gte"": 2015}}"
250,108,TRUE,"Salmon, Chinook (Upper Willamette River ESU) North Santiam River - spring","{""ext_datasource"": ""SPS"", ""NMFS_POPID"": 108}"
250,108,TRUE,"Salmon, Chinook (Upper Willamette River ESU) North Santiam River - spring","{""ext_datasource"": ""CAX"", ""POPID"":250, ""SPAWNINGYEAR"": {""$gte"": 2014}}"
251,109,TRUE,"Salmon, Chinook (Upper Willamette River ESU) South Santiam River - spring","{""ext_datasource"": ""SPS"", ""NMFS_POPID"": 109}"
251,109,TRUE,"Salmon, Chinook (Upper Willamette River ESU) South Santiam River - spring","{""ext_datasource"": ""CAX"", ""POPID"":251, ""SPAWNINGYEAR"": {""$gte"": 2015}}"
252,113,TRUE,"Salmon, chum (Columbia River ESU) Cowlitz River - fall","{""ext_datasource"": ""SPS"", ""NMFS_POPID"": 113}"
252,113,TRUE,"Salmon, chum (Columbia River ESU) Cowlitz River - fall","{""ext_datasource"": ""CAX"", ""POPID"":252, ""SPAWNINGYEAR"": {""$gte"": 2015}}"
253,116,TRUE,"Salmon, chum (Columbia River ESU) Kalama River - fall","{""ext_datasource"": ""SPS"", ""NMFS_POPID"": 116}"
253,116,TRUE,"Salmon, chum (Columbia River ESU) Kalama River - fall","{""ext_datasource"": ""CAX"", ""POPID"":253, ""SPAWNINGYEAR"": {""$gte"": 2015}}"
254,117,TRUE,"Salmon, chum (Columbia River ESU) Lewis River - fall","{""ext_datasource"": ""SPS"", ""NMFS_POPID"": 117}"
254,117,TRUE,"Salmon, chum (Columbia River ESU) Lewis River - fall","{""ext_datasource"": ""CAX"", ""POPID"":254, ""SPAWNINGYEAR"": {""$gte"": 2015}}"
255,120,TRUE,"Salmon, chum (Columbia River ESU) Salmon Creek - fall","{""ext_datasource"": ""SPS"", ""NMFS_POPID"": 120}"
255,120,TRUE,"Salmon, chum (Columbia River ESU) Salmon Creek - fall","{""ext_datasource"": ""CAX"", ""POPID"":255, ""SPAWNINGYEAR"": {""$gte"": 2015}}"
256,121,TRUE,"Salmon, chum (Columbia River ESU) Sandy River - fall","{""ext_datasource"": ""SPS"", ""NMFS_POPID"": 121}"
256,121,TRUE,"Salmon, chum (Columbia River ESU) Sandy River - fall","{""ext_datasource"": ""CAX"", ""POPID"":256, ""SPAWNINGYEAR"": {""$gte"": 2015}}"
257,124,TRUE,"Salmon, chum (Columbia River ESU) Washougal River - fall","{""ext_datasource"": ""CAX"", ""POPID"":257}"
258,110,TRUE,"Salmon, chum (Columbia River ESU) Big Creek - fall","{""ext_datasource"": ""SPS"", ""NMFS_POPID"": 110}"
258,110,TRUE,"Salmon, chum (Columbia River ESU) Big Creek - fall","{""ext_datasource"": ""CAX"", ""POPID"":258, ""SPAWNINGYEAR"": {""$gte"": 2015}}"
259,112,TRUE,"Salmon, chum (Columbia River ESU) Clatskanie River - fall","{""ext_datasource"": ""SPS"", ""NMFS_POPID"": 112}"
259,112,TRUE,"Salmon, chum (Columbia River ESU) Clatskanie River - fall","{""ext_datasource"": ""CAX"", ""POPID"":259, ""SPAWNINGYEAR"": {""$gte"": 2015}}"
260,114,TRUE,"Salmon, chum (Columbia River ESU) Elochoman River - fall","{""ext_datasource"": ""SPS"", ""NMFS_POPID"": 114}"
260,114,TRUE,"Salmon, chum (Columbia River ESU) Elochoman River - fall","{""ext_datasource"": ""CAX"", ""POPID"":260, ""SPAWNINGYEAR"": {""$gte"": 2015}}"
261,115,TRUE,"Salmon, chum (Columbia River ESU) Grays and Chinook Rivers - fall","{""ext_datasource"": ""CAX"", ""POPID"":261}"
262,119,TRUE,"Salmon, chum (Columbia River ESU) Mill, Abernathy, and Germany Creeks - fall","{""ext_datasource"": ""SPS"", ""NMFS_POPID"": 119}"
262,119,TRUE,"Salmon, chum (Columbia River ESU) Mill, Abernathy, and Germany Creeks - fall","{""ext_datasource"": ""CAX"", ""POPID"":262, ""SPAWNINGYEAR"": {""$gte"": 2015}}"
263,122,TRUE,"Salmon, chum (Columbia River ESU) Scappoose Creek - fall","{""ext_datasource"": ""SPS"", ""NMFS_POPID"": 122}"
263,122,TRUE,"Salmon, chum (Columbia River ESU) Scappoose Creek - fall","{""ext_datasource"": ""CAX"", ""POPID"":263, ""SPAWNINGYEAR"": {""$gte"": 2015}}"
264,125,TRUE,"Salmon, chum (Columbia River ESU) Youngs Bay - fall","{""ext_datasource"": ""SPS"", ""NMFS_POPID"": 125}"
264,125,TRUE,"Salmon, chum (Columbia River ESU) Youngs Bay - fall","{""ext_datasource"": ""CAX"", ""POPID"":264, ""SPAWNINGYEAR"": {""$gte"": 2015}}"
265,118,TRUE,"Salmon, chum (Columbia River ESU) Lower Gorge Tributaries - fall","{""ext_datasource"": ""CAX"", ""POPID"":265}"
266,123,TRUE,"Salmon, chum (Columbia River ESU) Upper Gorge Tributaries - fall","{""ext_datasource"": ""CAX"", ""POPID"":266, ""SPAWNINGYEAR"": {""$gte"": 1946}}"
267,111,TRUE,"Salmon, chum (Columbia River ESU) Clackamas River - fall","{""ext_datasource"": ""SPS"", ""NMFS_POPID"": 111}"
267,111,TRUE,"Salmon, chum (Columbia River ESU) Clackamas River - fall","{""ext_datasource"": ""CAX"", ""POPID"":267, ""SPAWNINGYEAR"": {""$gte"": 2015}}"
268,129,TRUE,"Salmon, coho (Lower Columbia River ESU) Cispus River - early and late","{""ext_datasource"": ""SPS"", ""NMFS_POPID"": 129}"
268,129,TRUE,"Salmon, coho (Lower Columbia River ESU) Cispus River - early and late","{""ext_datasource"": ""CAX"", ""POPID"":268, ""SPAWNINGYEAR"": {""$gte"": 2015}}"
269,132,TRUE,"Salmon, coho (Lower Columbia River ESU) Coweeman River - late","{""ext_datasource"": ""CAX"", ""POPID"":269}"
270,133,TRUE,"Salmon, coho (Lower Columbia River ESU) East Fork Lewis River - early and late","{""ext_datasource"": ""CAX"", ""POPID"":270}"
271,136,TRUE,"Salmon, coho (Lower Columbia River ESU) Kalama River - late","{""ext_datasource"": ""CAX"", ""POPID"":271}"
272,137,TRUE,"Salmon, coho (Lower Columbia River ESU) Lower Cowlitz River - late","{""ext_datasource"": ""CAX"", ""POPID"":272}"
273,141,TRUE,"Salmon, coho (Lower Columbia River ESU) North Fork Lewis River - early and late","{""ext_datasource"": ""CAX"", ""POPID"":273}"
274,142,TRUE,"Salmon, coho (Lower Columbia River ESU) North Fork Toutle River - early and late","{""ext_datasource"": ""CAX"", ""POPID"":274}"
275,144,TRUE,"Salmon, coho (Lower Columbia River ESU) Salmon Creek - late","{""ext_datasource"": ""CAX"", ""POPID"":275}"
276,145,TRUE,"Salmon, coho (Lower Columbia River ESU) Sandy River - early and late","{""ext_datasource"": ""SPS"", ""NMFS_POPID"": 145}"
276,145,TRUE,"Salmon, coho (Lower Columbia River ESU) Sandy River - early and late","{""ext_datasource"": ""CAX"", ""POPID"":276, ""SPAWNINGYEAR"": {""$gte"": 2014}}"
277,147,TRUE,"Salmon, coho (Lower Columbia River ESU) South Fork Toutle River - early and late","{""ext_datasource"": ""CAX"", ""POPID"":277}"
278,148,TRUE,"Salmon, coho (Lower Columbia River ESU) Tilton River - early and late","{""ext_datasource"": ""SPS"", ""NMFS_POPID"": 148}"
278,148,TRUE,"Salmon, coho (Lower Columbia River ESU) Tilton River - early and late","{""ext_datasource"": ""CAX"", ""POPID"":278, ""SPAWNINGYEAR"": {""$gte"": 2014}}"
279,149,TRUE,"Salmon, coho (Lower Columbia River ESU) Upper Cowlitz River - early and late","{""ext_datasource"": ""SPS"", ""NMFS_POPID"": 149}"
279,149,TRUE,"Salmon, coho (Lower Columbia River ESU) Upper Cowlitz River - early and late","{""ext_datasource"": ""CAX"", ""POPID"":279, ""SPAWNINGYEAR"": {""$gte"": 2014}}"
280,151,TRUE,"Salmon, coho (Lower Columbia River ESU) Washougal River - late","{""ext_datasource"": ""CAX"", ""POPID"":280}"
281,128,TRUE,"Salmon, coho (Lower Columbia River ESU) Big Creek - late","{""ext_datasource"": ""SPS"", ""NMFS_POPID"": 128}"
281,128,TRUE,"Salmon, coho (Lower Columbia River ESU) Big Creek - late","{""ext_datasource"": ""CAX"", ""POPID"":281, ""SPAWNINGYEAR"": {""$gte"": 2013}}"
282,131,TRUE,"Salmon, coho (Lower Columbia River ESU) Clatskanie River - late","{""ext_datasource"": ""SPS"", ""NMFS_POPID"": 131}"
282,131,TRUE,"Salmon, coho (Lower Columbia River ESU) Clatskanie River - late","{""ext_datasource"": ""CAX"", ""POPID"":282, ""SPAWNINGYEAR"": {""$gte"": 2014}}"
283,134,TRUE,"Salmon, coho (Lower Columbia River ESU) Elochoman River - late","{""ext_datasource"": ""CAX"", ""POPID"":283}"
284,135,TRUE,"Salmon, coho (Lower Columbia River ESU) Grays and Chinook Rivers - late","{""ext_datasource"": ""CAX"", ""POPID"":284}"
285,140,TRUE,"Salmon, coho (Lower Columbia River ESU) Mill, Abernathy, and Germany Creeks - late","{""ext_datasource"": ""CAX"", ""POPID"":285}"
286,146,TRUE,"Salmon, coho (Lower Columbia River ESU) Scappoose Creek - late","{""ext_datasource"": ""SPS"", ""NMFS_POPID"": 146}"
286,146,TRUE,"Salmon, coho (Lower Columbia River ESU) Scappoose Creek - late","{""ext_datasource"": ""CAX"", ""POPID"":286, ""SPAWNINGYEAR"": {""$gte"": 2014}}"
287,152,TRUE,"Salmon, coho (Lower Columbia River ESU) Youngs Bay - late","{""ext_datasource"": ""SPS"", ""NMFS_POPID"": 152}"
287,152,TRUE,"Salmon, coho (Lower Columbia River ESU) Youngs Bay - late","{""ext_datasource"": ""CAX"", ""POPID"":287, ""SPAWNINGYEAR"": {""$gte"": 2013}}"
288,138,TRUE,"Salmon, coho (Lower Columbia River ESU) Lower Gorge Tributaries - late","{""ext_datasource"": ""CAX"", ""POPID"":288, ""TRTMETHOD"": ""True""}"
290,143,TRUE,"Salmon, coho (Lower Columbia River ESU) Oregon Upper Gorge Tributaries and Hood River - early","{""ext_datasource"": ""SPS"", ""NMFS_POPID"": 143}"
290,143,TRUE,"Salmon, coho (Lower Columbia River ESU) Oregon Upper Gorge Tributaries and Hood River - early","{""ext_datasource"": ""CAX"", ""POPID"":290, ""SPAWNINGYEAR"": {""$gte"": 2014}}"
291,150,TRUE,"Salmon, coho (Lower Columbia River ESU) Washington Upper Gorge Tributaries and White Salmon River - late","{""ext_datasource"": ""SPS"", ""NMFS_POPID"": 150}"
291,150,TRUE,"Salmon, coho (Lower Columbia River ESU) Washington Upper Gorge Tributaries and White Salmon River - late","{""ext_datasource"": ""CAX"", ""POPID"":291, ""SPAWNINGYEAR"": {""$gte"": 2014}}"
292,130,TRUE,"Salmon, coho (Lower Columbia River ESU) Clackamas River - early and late","{""ext_datasource"": ""SPS"", ""NMFS_POPID"": 130}"
292,130,TRUE,"Salmon, coho (Lower Columbia River ESU) Clackamas River - early and late","{""ext_datasource"": ""CAX"", ""POPID"":292, ""SPAWNINGYEAR"": {""$gte"": 2014}}"
293,225,TRUE,Steelhead (Lower Columbia River DPS) Cispus River - winter,"{""ext_datasource"": ""SPS"", ""NMFS_POPID"": 225}"
293,225,TRUE,Steelhead (Lower Columbia River DPS) Cispus River - winter,"{""ext_datasource"": ""CAX"", ""POPID"":293, ""SPAWNINGYEAR"": {""$gte"": 2015}}"
294,227,TRUE,Steelhead (Lower Columbia River DPS) Coweeman River - winter,"{""ext_datasource"": ""SPS"", ""NMFS_POPID"": 227}"
294,227,TRUE,Steelhead (Lower Columbia River DPS) Coweeman River - winter,"{""ext_datasource"": ""CAX"", ""POPID"":294, ""SPAWNINGYEAR"": {""$gte"": 2015}}"
295,228,TRUE,Steelhead (Lower Columbia River DPS) East Fork Lewis River - summer,"{""ext_datasource"": ""SPS"", ""NMFS_POPID"": 228}"
295,228,TRUE,Steelhead (Lower Columbia River DPS) East Fork Lewis River - summer,"{""ext_datasource"": ""CAX"", ""POPID"":295, ""SPAWNINGYEAR"": {""$gte"": 2016}}"
296,229,TRUE,Steelhead (Lower Columbia River DPS) East Fork Lewis River - winter,"{""ext_datasource"": ""SPS"", ""NMFS_POPID"": 229}"
296,229,TRUE,Steelhead (Lower Columbia River DPS) East Fork Lewis River - winter,"{""ext_datasource"": ""CAX"", ""POPID"":296, ""SPAWNINGYEAR"": {""$gte"": 2015}}"
297,232,TRUE,Steelhead (Lower Columbia River DPS) Kalama River - summer,"{""ext_datasource"": ""SPS"", ""NMFS_POPID"": 232}"
297,232,TRUE,Steelhead (Lower Columbia River DPS) Kalama River - summer,"{""ext_datasource"": ""CAX"", ""POPID"":297, ""SPAWNINGYEAR"": {""$gte"": 2015}}"
298,233,TRUE,Steelhead (Lower Columbia River DPS) Kalama River - winter,"{""ext_datasource"": ""SPS"", ""NMFS_POPID"": 233}"
298,233,TRUE,Steelhead (Lower Columbia River DPS) Kalama River - winter,"{""ext_datasource"": ""CAX"", ""POPID"":298, ""SPAWNINGYEAR"": {""$gte"": 2015}}"
299,234,TRUE,Steelhead (Lower Columbia River DPS) Lower Cowlitz River - winter,"{""ext_datasource"": ""SPS"", ""NMFS_POPID"": 234}"
299,234,TRUE,Steelhead (Lower Columbia River DPS) Lower Cowlitz River - winter,"{""ext_datasource"": ""CAX"", ""POPID"":299, ""SPAWNINGYEAR"": {""$gte"": 2015}}"
300,236,TRUE,Steelhead (Lower Columbia River DPS) North Fork Lewis River - summer,"{""ext_datasource"": ""SPS"", ""NMFS_POPID"": 236}"
300,236,TRUE,Steelhead (Lower Columbia River DPS) North Fork Lewis River - summer,"{""ext_datasource"": ""CAX"", ""POPID"":300, ""SPAWNINGYEAR"": {""$gte"": 2015}}"
301,237,TRUE,Steelhead (Lower Columbia River DPS) North Fork Lewis River - winter,"{""ext_datasource"": ""SPS"", ""NMFS_POPID"": 237}"
301,237,TRUE,Steelhead (Lower Columbia River DPS) North Fork Lewis River - winter,"{""ext_datasource"": ""CAX"", ""POPID"":301, ""SPAWNINGYEAR"": {""$gte"": 2015}}"
302,238,TRUE,Steelhead (Lower Columbia River DPS) North Fork Toutle River - winter,"{""ext_datasource"": ""SPS"", ""NMFS_POPID"": 238}"
302,238,TRUE,Steelhead (Lower Columbia River DPS) North Fork Toutle River - winter,"{""ext_datasource"": ""CAX"", ""POPID"":302, ""SPAWNINGYEAR"": {""$gte"": 2015}, ""METHODNUMBER"": 2}"
303,239,TRUE,Steelhead (Lower Columbia River DPS) Salmon Creek - winter,"{""ext_datasource"": ""SPS"", ""NMFS_POPID"": 239}"
303,239,TRUE,Steelhead (Lower Columbia River DPS) Salmon Creek - winter,"{""ext_datasource"": ""CAX"", ""POPID"":303, ""SPAWNINGYEAR"": {""$gte"": 2015}}"
304,240,FALSE,Steelhead (Lower Columbia River DPS) Sandy River - winter,"{""ext_datasource"": ""SPS"", ""NMFS_POPID"": 240}"
304,240,TRUE,Steelhead (Lower Columbia River DPS) Sandy River - winter,"{""ext_datasource"": ""CAX"", ""POPID"":304}"
305,241,TRUE,Steelhead (Lower Columbia River DPS) South Fork Toutle River - winter,"{""ext_datasource"": ""SPS"", ""NMFS_POPID"": 241}"
305,241,TRUE,Steelhead (Lower Columbia River DPS) South Fork Toutle River - winter,"{""ext_datasource"": ""CAX"", ""POPID"":305, ""SPAWNINGYEAR"": {""$gte"": 2015}}"
306,242,FALSE,Steelhead (Lower Columbia River DPS) Tilton River - winter,"{""ext_datasource"": ""SPS"", ""NMFS_POPID"": 242}"
306,242,TRUE,Steelhead (Lower Columbia River DPS) Tilton River - winter,"{""ext_datasource"": ""CAX"", ""POPID"":306}"
307,243,FALSE,Steelhead (Lower Columbia River DPS) Upper Cowlitz River - winter,"{""ext_datasource"": ""SPS"", ""NMFS_POPID"": 243}"
307,243,TRUE,Steelhead (Lower Columbia River DPS) Upper Cowlitz River - winter,"{""ext_datasource"": ""CAX"", ""POPID"":307}"
308,245,TRUE,Steelhead (Lower Columbia River DPS) Washougal River - summer,"{""ext_datasource"": ""SPS"", ""NMFS_POPID"": 245}"
308,245,TRUE,Steelhead (Lower Columbia River DPS) Washougal River - summer,"{""ext_datasource"": ""CAX"", ""POPID"":308, ""SPAWNINGYEAR"": {""$gte"": 2016}}"
309,246,TRUE,Steelhead (Lower Columbia River DPS) Washougal River - winter,"{""ext_datasource"": ""SPS"", ""NMFS_POPID"": 246}"
309,246,TRUE,Steelhead (Lower Columbia River DPS) Washougal River - winter,"{""ext_datasource"": ""CAX"", ""POPID"":309, ""SPAWNINGYEAR"": {""$gte"": 2015}}"
310,230,TRUE,Steelhead (Lower Columbia River DPS) Hood River - summer,"{""ext_datasource"": ""SPS"", ""NMFS_POPID"": 230}"
310,230,TRUE,Steelhead (Lower Columbia River DPS) Hood River - summer,"{""ext_datasource"": ""CAX"", ""POPID"":310, ""SPAWNINGYEAR"": {""$gte"": 2009}}"
311,231,TRUE,Steelhead (Lower Columbia River DPS) Hood River - winter,"{""ext_datasource"": ""SPS"", ""NMFS_POPID"": 231}"
311,231,TRUE,Steelhead (Lower Columbia River DPS) Hood River - winter,"{""ext_datasource"": ""CAX"", ""POPID"":311, ""SPAWNINGYEAR"": {""$gte"": 2014}}"
312,235,TRUE,Steelhead (Lower Columbia River DPS) Lower Gorge Tributaries - winter,"{""ext_datasource"": ""SPS"", ""NMFS_POPID"": 235}"
312,235,TRUE,Steelhead (Lower Columbia River DPS) Lower Gorge Tributaries - winter,"{""ext_datasource"": ""CAX"", ""POPID"":312, ""SPAWNINGYEAR"": {""$gte"": 2015}}"
313,244,TRUE,Steelhead (Lower Columbia River DPS) Upper Gorge Tributaries - winter,"{""ext_datasource"": ""SPS"", ""NMFS_POPID"": 244}"
313,244,TRUE,Steelhead (Lower Columbia River DPS) Upper Gorge Tributaries - winter,"{""ext_datasource"": ""CAX"", ""POPID"":313, ""SPAWNINGYEAR"": {""$gte"": 2014}}"
314,247,TRUE,Steelhead (Lower Columbia River DPS) Wind River - summer,"{""ext_datasource"": ""SPS"", ""NMFS_POPID"": 247}"
314,247,TRUE,Steelhead (Lower Columbia River DPS) Wind River - summer,"{""ext_datasource"": ""CAX"", ""POPID"":314, ""SPAWNINGYEAR"": {""$gte"": 2015}}"
315,226,FALSE,Steelhead (Lower Columbia River DPS) Clackamas River - winter,"{""ext_datasource"": ""SPS"", ""NMFS_POPID"": 226}"
315,226,TRUE,Steelhead (Lower Columbia River DPS) Clackamas River - winter,"{""ext_datasource"": ""CAX"", ""POPID"":315}"
316,332,TRUE,Steelhead (Upper Willamette River DPS) Calapooia River - winter,"{""ext_datasource"": ""SPS"", ""NMFS_POPID"": 332}"
316,332,TRUE,Steelhead (Upper Willamette River DPS) Calapooia River - winter,"{""ext_datasource"": ""CAX"", ""POPID"":316, ""SPAWNINGYEAR"": {""$gte"": 2015}}"
317,333,TRUE,Steelhead (Upper Willamette River DPS) Molalla River - winter,"{""ext_datasource"": ""SPS"", ""NMFS_POPID"": 333}"
317,333,TRUE,Steelhead (Upper Willamette River DPS) Molalla River - winter,"{""ext_datasource"": ""CAX"", ""POPID"":317, ""SPAWNINGYEAR"": {""$gte"": 2015}}"
318,334,TRUE,Steelhead (Upper Willamette River DPS) North Santiam River - winter,"{""ext_datasource"": ""SPS"", ""NMFS_POPID"": 334}"
318,334,TRUE,Steelhead (Upper Willamette River DPS) North Santiam River - winter,"{""ext_datasource"": ""CAX"", ""POPID"":318, ""SPAWNINGYEAR"": {""$gte"": 2006}}"
319,335,TRUE,Steelhead (Upper Willamette River DPS) South Santiam River - winter,"{""ext_datasource"": ""SPS"", ""NMFS_POPID"": 335}"
319,335,TRUE,Steelhead (Upper Willamette River DPS) South Santiam River - winter,"{""ext_datasource"": ""CAX"", ""POPID"":319, ""SPAWNINGYEAR"": {""$gte"": 2015}}"
344,338,TRUE,"Salmon, chum (Columbia River ESU) Cowlitz River - summer","{""ext_datasource"": ""SPS"", ""NMFS_POPID"": 338}"
344,338,TRUE,"Salmon, chum (Columbia River ESU) Cowlitz River - summer","{""ext_datasource"": ""CAX"", ""POPID"":344, ""SPAWNINGYEAR"": {""$gte"": 2015}}"
345,337,TRUE,"Salmon, Chinook (Upper Columbia River spring-run ESU) Okanogan River - spring","{""ext_datasource"": ""SPS"", ""NMFS_POPID"": 337}"
345,337,TRUE,"Salmon, Chinook (Upper Columbia River spring-run ESU) Okanogan River - spring","{""ext_datasource"": ""CAX"", ""POPID"":345, ""SPAWNINGYEAR"": {""$gte"": 2015}}"
346,346,FALSE,Steelhead (Upper Columbia River DPS) Sanpoil River - summer,"{""ext_datasource"": ""CAX"", ""POPID"": 346}"
347,347,FALSE,Steelhead (Upper Columbia River DPS) Kettle River - summer,"{""ext_datasource"": ""CAX"", ""POPID"": 347}"
348,348,FALSE,Steelhead (Upper Columbia River DPS) Pend Oreille River - summer,"{""ext_datasource"": ""CAX"", ""POPID"": 348}"
349,349,FALSE,Steelhead (Upper Columbia River DPS) Kootenay River - summer,"{""ext_datasource"": ""CAX"", ""POPID"": 349}"
350,350,FALSE,Steelhead (Upper Columbia River DPS) Spokane River - summer,"{""ext_datasource"": ""CAX"", ""POPID"": 350}"
351,351,FALSE,Steelhead (Upper Columbia River DPS) Hangman Creek - summer,"{""ext_datasource"": ""CAX"", ""POPID"": 351}"
352,352,FALSE,Steelhead (Snake River Basin DPS) Powder River - summer,"{""ext_datasource"": ""CAX"", ""POPID"": 352}"
353,353,FALSE,Steelhead (Snake River Basin DPS) Burnt River - summer,"{""ext_datasource"": ""CAX"", ""POPID"": 353}"
354,354,FALSE,Steelhead (Snake River Basin DPS) Weiser River - summer,"{""ext_datasource"": ""CAX"", ""POPID"": 354}"
355,355,FALSE,Steelhead (Snake River Basin DPS) Lower Payette River - summer,"{""ext_datasource"": ""CAX"", ""POPID"": 355}"
356,356,FALSE,Steelhead (Snake River Basin DPS) North Fork Payette River - summer,"{""ext_datasource"": ""CAX"", ""POPID"": 356}"
357,357,FALSE,Steelhead (Snake River Basin DPS) South Fork Payette River - summer,"{""ext_datasource"": ""CAX"", ""POPID"": 357}"
358,358,FALSE,Steelhead (Snake River Basin DPS) Boise River - summer,"{""ext_datasource"": ""CAX"", ""POPID"": 358}"
359,359,FALSE,Steelhead (Snake River Basin DPS) Lower Malheur River - summer,"{""ext_datasource"": ""CAX"", ""POPID"": 359}"
360,360,FALSE,Steelhead (Snake River Basin DPS) Upper Malheur River - summer,"{""ext_datasource"": ""CAX"", ""POPID"": 360}"
361,361,FALSE,Steelhead (Snake River Basin DPS) Lower Owyhee River - summer,"{""ext_datasource"": ""CAX"", ""POPID"": 361}"
362,362,FALSE,Steelhead (Snake River Basin DPS) Upper Owyhee River - summer,"{""ext_datasource"": ""CAX"", ""POPID"": 362}"
363,363,FALSE,Steelhead (Snake River Basin DPS) Bruneau River - summer,"{""ext_datasource"": ""CAX"", ""POPID"": 363}"
364,364,FALSE,Steelhead (Snake River Basin DPS) Canyon Creek - summer,"{""ext_datasource"": ""CAX"", ""POPID"": 364}"
365,365,FALSE,Steelhead (Snake River Basin DPS) Salmon Falls/Rock Creeks - summer,"{""ext_datasource"": ""CAX"", ""POPID"": 365}"
366,366,FALSE,"Salmon, Chinook (Snake River spring/summer-run ESU) Pine Creek - unknown","{""ext_datasource"": ""CAX"", ""POPID"": 366}"
367,367,FALSE,"Salmon, Chinook (Snake River spring/summer-run ESU) Wildhorse Creek - unknown","{""ext_datasource"": ""CAX"", ""POPID"": 367}"
368,368,FALSE,"Salmon, Chinook (Snake River spring/summer-run ESU) Eagle Creek - unknown","{""ext_datasource"": ""CAX"", ""POPID"": 368}"
369,369,FALSE,"Salmon, Chinook (Snake River spring/summer-run ESU) Powder River - unknown","{""ext_datasource"": ""CAX"", ""POPID"": 369}"
370,370,FALSE,"Salmon, Chinook (Snake River spring/summer-run ESU) Burnt River - unknown","{""ext_datasource"": ""CAX"", ""POPID"": 370}"
371,371,FALSE,"Salmon, Chinook (Snake River spring/summer-run ESU) Crane Creek/Lower Weiser River - unknown","{""ext_datasource"": ""CAX"", ""POPID"": 371}"
372,372,FALSE,"Salmon, Chinook (Snake River spring/summer-run ESU) Little Weiser River - unknown","{""ext_datasource"": ""CAX"", ""POPID"": 372}"
373,373,FALSE,"Salmon, Chinook (Snake River spring/summer-run ESU) Upper Weiser River - unknown","{""ext_datasource"": ""CAX"", ""POPID"": 373}"
374,374,FALSE,"Salmon, Chinook (Snake River spring/summer-run ESU) Big Willow/Little Willow Creeks - unknown","{""ext_datasource"": ""CAX"", ""POPID"": 374}"
375,375,FALSE,"Salmon, Chinook (Snake River spring/summer-run ESU) Squaw Creek - unknown","{""ext_datasource"": ""CAX"", ""POPID"": 375}"
376,376,FALSE,"Salmon, Chinook (Snake River spring/summer-run ESU) South Fork Payette River - unknown","{""ext_datasource"": ""CAX"", ""POPID"": 376}"
377,377,FALSE,"Salmon, Chinook (Snake River spring/summer-run ESU) North Fork Payette River - unknown","{""ext_datasource"": ""CAX"", ""POPID"": 377}"
378,378,FALSE,"Salmon, Chinook (Snake River spring/summer-run ESU) Boise River - unknown","{""ext_datasource"": ""CAX"", ""POPID"": 378}"
379,379,FALSE,"Salmon, Chinook (Snake River spring/summer-run ESU) Willow Creek/Lower Malheur River - unknown","{""ext_datasource"": ""CAX"", ""POPID"": 379}"
380,380,FALSE,"Salmon, Chinook (Snake River spring/summer-run ESU) North Fork Malheur River - unknown","{""ext_datasource"": ""CAX"", ""POPID"": 380}"
381,381,FALSE,"Salmon, Chinook (Snake River spring/summer-run ESU) Upper Malheur River - unknown","{""ext_datasource"": ""CAX"", ""POPID"": 381}"
382,382,FALSE,"Salmon, Chinook (Snake River spring/summer-run ESU) Lower Owyhee River - unknown","{""ext_datasource"": ""CAX"", ""POPID"": 382}"
383,383,FALSE,"Salmon, Chinook (Snake River spring/summer-run ESU) Little Owyhee River - unknown","{""ext_datasource"": ""CAX"", ""POPID"": 383}"
384,384,FALSE,"Salmon, Chinook (Snake River spring/summer-run ESU) South Fork Owyhee River - unknown","{""ext_datasource"": ""CAX"", ""POPID"": 384}"
385,385,FALSE,"Salmon, Chinook (Snake River spring/summer-run ESU) Upper Owyhee River - unknown","{""ext_datasource"": ""CAX"", ""POPID"": 385}"
386,386,FALSE,"Salmon, Chinook (Snake River spring/summer-run ESU) Canyon Creek - unknown","{""ext_datasource"": ""CAX"", ""POPID"": 386}"
387,387,FALSE,"Salmon, Chinook (Snake River spring/summer-run ESU) Lower Bruneau River - unknown","{""ext_datasource"": ""CAX"", ""POPID"": 387}"
388,388,FALSE,"Salmon, Chinook (Snake River spring/summer-run ESU) Upper Bruneau River - unknown","{""ext_datasource"": ""CAX"", ""POPID"": 388}"
389,389,FALSE,"Salmon, Chinook (Snake River spring/summer-run ESU) Salmon Falls Creek - unknown","{""ext_datasource"": ""CAX"", ""POPID"": 389}"
390,390,FALSE,"Salmon, Chinook (Snake River spring/summer-run ESU) Rock Creek - unknown","{""ext_datasource"": ""CAX"", ""POPID"": 390}"
391,339,FALSE,"Salmon, Chinook (Snake River fall-run ESU) Snake River Middle Mainstem - fall","{""ext_datasource"": ""CAX"", ""POPID"": 391}"
392,340,FALSE,"Salmon, Chinook (Snake River fall-run ESU) Salmon Falls - fall","{""ext_datasource"": ""CAX"", ""POPID"": 392}"
393,341,FALSE,"Salmon, Chinook (Upper Columbia River spring-run ESU) Sanpoil River - spring","{""ext_datasource"": ""CAX"", ""POPID"": 393}"
394,342,FALSE,"Salmon, Chinook (Upper Columbia River spring-run ESU) Kettle River - spring","{""ext_datasource"": ""CAX"", ""POPID"": 394}"
395,343,FALSE,"Salmon, Chinook (Upper Columbia River spring-run ESU) Kootenay River - spring","{""ext_datasource"": ""CAX"", ""POPID"": 395}"
396,344,FALSE,"Salmon, Chinook (Upper Columbia River spring-run ESU) Spokane River - spring","{""ext_datasource"": ""CAX"", ""POPID"": 396}"
397,345,FALSE,"Salmon, Chinook (Upper Columbia River spring-run ESU) Hangman Creek - spring","{""ext_datasource"": ""CAX"", ""POPID"": 397}"
398,444,TRUE,"Salmon, Chinook (Upper Columbia River spring-run ESU--XN) Okanogan River - spring","{""ext_datasource"": ""SPS"", ""NMFS_POPID"": 444}"
399,445,FALSE,Steelhead (Middle Columbia River DPS--XN) Upper Deschutes River - summer,"{""ext_datasource"": ""CAX"", ""POPID"": 399}"
500,,FALSE,Youngs Bay Winter Steelhead {non-TRT Population},"{""ext_datasource"": ""CAX"", ""POPID"": 500}"
501,,FALSE,Big Creek Winter Steelhead {non-TRT Population},"{""ext_datasource"": ""CAX"", ""POPID"": 501}"
502,,FALSE,Clatskanie River Winter Steelhead {non-TRT Population},"{""ext_datasource"": ""CAX"", ""POPID"": 502}"
503,,FALSE,Scappoose Creek Winter Steelhead {non-TRT Population},"{""ext_datasource"": ""CAX"", ""POPID"": 503}"
504,,FALSE,North Fork John Day River Spring Chinook {non-TRT Population},"{""ext_datasource"": ""CAX"", ""POPID"": 504}"
505,,FALSE,Middle Fork John Day River Spring Chinook  {non-TRT Population},"{""ext_datasource"": ""CAX"", ""POPID"": 505}"
506,,FALSE,Upper John Day River Spring Chinook  {non-TRT Population},"{""ext_datasource"": ""CAX"", ""POPID"": 506}"
507,,FALSE,Upper Yakima River Spring Chinook {non-TRT Population},"{""ext_datasource"": ""CAX"", ""POPID"": 507}"
508,,FALSE,Granite Creek John Day Spring Chinook  {non-TRT Population},"{""ext_datasource"": ""CAX"", ""POPID"": 508}"
509,,FALSE,Entiat River Summer-Fall Late-run Chinook {non-TRT Population},"{""ext_datasource"": ""CAX"", ""POPID"": 509}"
510,,FALSE,Methow River Summer Chinook {non-TRT Population},"{""ext_datasource"": ""CAX"", ""POPID"": 510}"
511,,FALSE,Okanogan River Summer/fall Chinook {non-TRT Population},"{""ext_datasource"": ""CAX"", ""POPID"": 511}"
512,,FALSE,Wenatchee River Summer Chinook {non-TRT Population},"{""ext_datasource"": ""CAX"", ""POPID"": 512}"
1001,,FALSE,Steelhead (Lower Columbia River DPS) Kalama River - summer & winter,"{""ext_datasource"": ""CAX"", ""POPID"": 1001}"
1002,,FALSE,John Day Basin Spring Chinook {non-TRT SuperPopulation},"{""ext_datasource"": ""CAX"", ""POPID"": 1002}"
1003,,FALSE,"Salmon, Chinook (Upper Columbia River spring-run ESU) Upper Columbia Spring Chinook above Rock Island Dam","{""ext_datasource"": ""CAX"", ""POPID"": 1003}"
1004,,FALSE,"Salmon, Chinook (Upper Columbia River spring-run ESU) Enitat River and Methow River Spring Chinook","{""ext_datasource"": ""CAX"", ""POPID"": 1004}"
1005,,FALSE,"Salmon, Chinook (Snake River spring/summer-run ESU) Clearwater Basin Spring and Spring/Summer Chinook","{""ext_datasource"": ""CAX"", ""POPID"": 1005}"
1006,,FALSE,"Salmon, Chinook (Snake River spring/summer-run ESU) Grande Ronde Basin Spring Chinook","{""ext_datasource"": ""CAX"", ""POPID"": 1006}"
1007,,FALSE,"Salmon, Chinook (Snake River spring/summer-run ESU) Imnaha Basin Spring and Spring/Summer Chinook","{""ext_datasource"": ""CAX"", ""POPID"": 1007}"
1008,,FALSE,"Salmon, Chinook (Snake River spring/summer-run ESU) Middle Fork Salmon River Spring and Spring/Summer Chinook","{""ext_datasource"": ""CAX"", ""POPID"": 1008}"
1009,,FALSE,"Salmon, Chinook (Snake River spring/summer-run ESU) Snake Basin Spring, Summer, and Spring/Summer Chinook above Lower Granite Dam","{""ext_datasource"": ""CAX"", ""POPID"": 1009}"
1010,,FALSE,"Salmon, Chinook (Snake River spring/summer-run ESU) South Fork Salmon River Spring/Summer and Summer Chinook","{""ext_datasource"": ""CAX"", ""POPID"": 1010}"
1011,,FALSE,"Salmon, Chinook (Snake River spring/summer-run ESU) Upper Salmon River Spring/Summer, Spring, and Summer Chinook","{""ext_datasource"": ""CAX"", ""POPID"": 1011}"
1012,,FALSE,Upper Columbia River Summer and Summer/Fall Chinook above Rock Island Dam {non-TRT SuperPopulation},"{""ext_datasource"": ""CAX"", ""POPID"": 1012}"
1013,,FALSE,Steelhead (Snake River Basin DPS) Clearwater Basin Summer Steelhead,"{""ext_datasource"": ""CAX"", ""POPID"": 1013}"
1014,,FALSE,Steelhead (Snake River Basin DPS) Grande Ronde Basin Summer Steelhead,"{""ext_datasource"": ""CAX"", ""POPID"": 1014}"
1015,,FALSE,Steelhead (Middle Columbia River DPS) John Day Basin Summer Steelhead,"{""ext_datasource"": ""CAX"", ""POPID"": 1015}"
1016,,FALSE,Steelhead (Snake River Basin DPS) Snake Basin Summer Steelhead above Lower Granite Dam,"{""ext_datasource"": ""CAX"", ""POPID"": 1016}"
1017,,FALSE,Steelhead (Snake River Basin DPS) Salmon Basin Summer Steelhead,"{""ext_datasource"": ""CAX"", ""POPID"": 1017}"
1018,,FALSE,Steelhead (Upper Columbia River DPS) Upper Columbia River Summer Steelhead above Rock Island Dam,"{""ext_datasource"": ""CAX"", ""POPID"": 1018}"
1019,,FALSE,Steelhead (Upper Columbia River DPS) Enitat River and Methow River Summer Steelhead,"{""ext_datasource"": ""CAX"", ""POPID"": 1019}"
1020,,FALSE,"Steelhead (Upper Columbia River DPS) Enitat River, Methow River, and Wenatchee River Summer Steelhead","{""ext_datasource"": ""CAX"", ""POPID"": 1020}"
1021,,FALSE,Steelhead (Middle Columbia River DPS) Yakima Basin Summer Steelhead,"{""ext_datasource"": ""CAX"", ""POPID"": 1021}"
1022,,FALSE,Steelhead (Lower Columbia River DPS) Hood River - summer and winter {SuperPopulation},"{""ext_datasource"": ""CAX"", ""POPID"": 1022}"
1023,,FALSE,Steelhead (Snake River Basin DPS) - Lochsa and Selway River ,"{""ext_datasource"": ""CAX"", ""POPID"": 1023}"
1024,,FALSE,Steelhead (Snake River Basin DPS) - Lower and Upper Middle Fork Salmon River ,"{""ext_datasource"": ""CAX"", ""POPID"": 1024}"
1025,,FALSE,Steelhead (Snake River Basin DPS) - South Fork Clearwater River and Lolo Creek ,"{""ext_datasource"": ""CAX"", ""POPID"": 1025}"
1026,,FALSE,Steelhead (Snake River Basin DPS) - South Fork Salmon River and Secesh River ,"{""ext_datasource"": ""CAX"", ""POPID"": 1026}"
1027,,FALSE,Steelhead (Snake River Basin DPS) - Upper Salmon River Panther Creek to Headwaters ,"{""ext_datasource"": ""CAX"", ""POPID"": 1027}"
